{
  "Delta": 0.05,
  "gamma_L": 1.0,
  "gamma_R": 1.0,
  "theta_R": 1.4,
  "p_L": 0.95,
  "p_R": 0.95,
  "mu_L": 0.6,
  "mu_R": -0.6,
  "T_L": 1.5,
  "T_R": 0.4,
  "epsilon": 0.0,
  "Delta_over_gamma": 0.05,
  "abs_C": 0.13905095029773976,
  "S_perp": 0.2781019005954795,
  "P1": 0.6144254196514255,
  "min_eig": 0.1568608000884951,
  "positive": 1.0,
  "scan": "grid"
}