{
  "J_N_L": 0.16575645789428908,
  "J_N_R": -0.16575645789428903,
  "balance": 5.551115123125783e-17,
  "J_E_L": 0.0038113067453988455,
  "J_E_R": -0.0038113067453988403,
  "J_Q_L": -0.09564256799117461,
  "J_Q_R": -0.10326518148197225,
  "I": 0.16575645789428908,
  "P_el": -0.1989077494731469
}