{
  "P_el": 0.13165623272078344,
  "I": 0.21942705453463907,
  "J_Q_L": 0.3047425137302688,
  "J_Q_R": -0.1730862810094852,
  "abs_C": 0.042270014554485175,
  "P1": 0.338362126478418,
  "min_eig": 0.12674158789878484,
  "V": -0.6,
  "mu_L": -0.3,
  "mu_R": 0.3,
  "T_L": 2.0,
  "T_R": 0.25,
  "epsilon": 1.0,
  "Delta": 0.2,
  "theta_R": 0.6,
  "p_L": 0.9,
  "p_R": 0.9,
  "positive": 1.0,
  "score": 0.026740698031411467
}